[
{"index":1, "nombre":"Botines adidas Predator Edge .1 FG De Hombre", "marca":"https://img.freepik.com/iconos-gratis/adidas_318-565831.jpg", "precio":63.999, "stock":10, "descripcion":"Precisión. Control. Poder. adidas Predator lo tiene todo cubierto. Salí a la cancha y encontrá tu límite con estos botines de terreno firme. El exterior Zone Skin incluye secciones acanaladas discretas, cada una de las cuales se destaca en un tipo diferente de contacto. La superficie Power Facet desvía el peso hacia el antepié para golpes fuertes. El cuello adaptable en adidas PRIMEKNIT sujeta el pie mientras estableces el control.", "categoria":"firme","img":"https://sporting.vtexassets.com/arquivos/ids/605820-1200-1200?v=637963463341600000&width=1200&height=1200&aspect=true"},

{"index":2, "nombre":"Botines Predator Edge .3 FG De Hombre", "marca":"https://img.freepik.com/iconos-gratis/adidas_318-565831.jpg", "precio":32.999, "stock":10, "descripcion":"Precisión. Control. Poder. adidas Predator lo tiene todo cubierto. Entrá a la cancha y encontrá tu ventaja con estos botines de terreno firme. Presente en la zona del exterior sintético revestido, el estampado de agarre Control Zone te ayuda al tocar el balón. Su llamativa suela angular de TPU se encarga de mantenerte en control sobre césped natural seco.", "categoria":"firme","img":"https://sporting.vtexassets.com/arquivos/ids/671699-1200-1200?v=638055174076800000&width=1200&height=1200&aspect=true"},

{"index":3, "nombre":"Botines adidas X Speedportal .3 FG De Hombre", "marca":"https://img.freepik.com/iconos-gratis/adidas_318-565831.jpg", "precio":32.999, "stock":10, "descripcion":"Los buenos jugadores crean tiempo y espacio. Los grandes dejan todo atrás. Desatá tu velocidad multidimensional con adidas X Speedportal. Los tapones de antepié adicionales en la suela ligera de estos botines adidas te permiten reaccionar con rapidez en el terreno firme. El exterior textil revestido suave incluye un cuello de sujeción de tejido plano y un refuerzo de talón externo en TPU para mantenerte firme en cada movimiento.", "categoria":"firme","img":"https://sporting.vtexassets.com/arquivos/ids/671953-1200-1200?v=638055178089400000&width=1200&height=1200&aspect=true"},

{"index":4, "nombre":"Botines Nike Phantom GT Elite FG", "marca":"https://upload.wikimedia.org/wikipedia/commons/thumb/a/a6/Logo_NIKE.svg/1200px-Logo_NIKE.svg.png", "precio":59.999, "stock":10, "descripcion":"Los botines Nike Phantom GT Elite FG presentan un diseño basado en datos creados para favorecer tus ataques a la hora de pasar la mitad de cancha. La textura de agarre en la parte superior de Flyknit envuelve el pie con hilos elásticos para brindar un ajuste firme similar al de las medias, mientras que la terminación All Conditions Control (ACC) te brinda un toque confiable en condiciones húmedas y secas.", "categoria":"firme","img":"https://newsport.vtexassets.com/arquivos/ids/2747622-1200-auto?v=637492826063300000&width=1200&height=auto&aspect=true"},

{"index":5, "nombre":"Botines Nike Mercurial Superfly 7 Azul", "marca":"https://upload.wikimedia.org/wikipedia/commons/thumb/a/a6/Logo_NIKE.svg/1200px-Logo_NIKE.svg.png", "precio":19.599,"stock":10,"descripcion":"El botín Nike Mercurial Superfly 7 Academy, que se basa en la innovación de la placa en el antepié del 6, agrega una placa versátil para múltiples superficies que brinda tracción en superficies de césped artificial y natural. El forro cómodo y el cuello Dynamic Fit trabajan juntos y envuelven el pie para brindar una sensación como la de una segunda piel.","categoria":"firme","img":"https://media.solodeportes.com.ar/media/catalog/product/cache/7c4f9b393f0b8cb75f2b74fe5e9e52aa/5/1/510010at7946414-1.jpg"},

{"index":6, "nombre":"Botines Nike Mercurial Superfly 8 Academy Km Fg/Mg", "marca":"https://upload.wikimedia.org/wikipedia/commons/thumb/a/a6/Logo_NIKE.svg/1200px-Logo_NIKE.svg.png", "precio":44.199,"stock":10,"descripcion":"Pocos son los futbolistas que se han ganado el derecho de jugar con sus propios botines, los Botines Nike Mercurial Superfly 8 Acad Km Fg/Mg este diseño busca resaltar a uno de los grandes del Paris Saint-Germain Kylian Mbappé. Su capellada en microfibra sintética se moldea a tus dedos del pie desde el primer uso dándote golpes acertados, ya que resiste al agua y al paso del tiempo. Su suela polivalente MG te permite usarlos en cualquier terreno de juego, campo, moqueta, pasto natural y sintético. Atrévete a ganar velocidad y anotar muchos goles con el respaldo que solo nike te puede dar.","categoria":"firme","img":"https://www.dexter.com.ar/on/demandware.static/-/Sites-365-dabra-catalog/default/dw1c1b858c/products/NI_DB2857-506/NI_DB2857-506-1.JPG"},

{"index":7, "nombre":"Botines Nike Vapor 13 Elite", "marca":"https://upload.wikimedia.org/wikipedia/commons/thumb/a/a6/Logo_NIKE.svg/1200px-Logo_NIKE.svg.png", "precio":58.99,"stock":10,"descripcion":"Basado en la innovación Flyknit de 360 grados del 12, el Nike Mercurial Vapor 13 Elite FG agrega una zona Nike Aerowtrac al antepié y un chasis ligeramente más rígido para ayudar a potenciar la tracción. En el interior, una plantilla con tecnología NikeGrip proporciona la máxima tracción interior bajo los pies y una amortiguación ligera.","categoria":"firme","img":"https://www.dexter.com.ar/on/demandware.static/-/Sites-365-dabra-catalog/default/dwff18fa8c/products/NI_AQ4176-801/NI_AQ4176-801-1.JPG"},

{"index":8, "nombre":"Botines Puma Future Z 3.4 Neymar", "marca":"https://www.freepnglogos.com/uploads/puma-logo-png-1.png", "precio":30.799,"stock":10,"descripcion":"Volvé locos a tus adversarios y canalizá la potencia de uno de los mejores jugadores de fútbol, Neymar Jr, con estos botines de fútbol FUTURE 3.4. El diseño avanzado te permitirá saltar a la cancha con una agilidad incomparable.","categoria":"firme","img":"https://sporting.vtexassets.com/arquivos/ids/721944-1200-1200?v=638113811443700000&width=1200&height=1200&aspect=true"},

{"index":9, "nombre":"Botines Puma Futura Z 4.1 ", "marca":"https://www.freepnglogos.com/uploads/puma-logo-png-1.png", "precio":20.499,"stock":10,"descripcion":"Os presentamos las nuevas botas para fútbol FUTURE 2.1 FG/AG FOOTBALL BOOTS, concebidas para terrenos naturales y artificiales firmes para un mayor rendimiento.Cuenta con una suela concebida bajo la tecnología Dynamic Motion System que brinda una mayor libertad de movimiento. En el área del talón se encuentra reforzado para una mayor amortiguación estabilidad y soporte.Cuenta con tacos posicionados estratégicamente para impulsar vuestros movimientos y proporcionar una mayor tracción en el campo. Dispone de un sistema de sujeción trenzado con una superficies suave y extremadamente flexible para optimizar el confort a vuestros pies. El futuro revolucionario lleva tus habilidades impredecibles al siguiente nivel.","categoria":"firme","img":"https://media.solodeportes.com.ar/media/catalog/product/cache/7c4f9b393f0b8cb75f2b74fe5e9e52aa/b/o/botines-de-futbol-puma-future-z-4-1-fg-ag-amarillo-640010106637001-1.jpg"},

{"index":10, "nombre":"Botines Puma Ultra 4.2 Fg/Ag", "marca":"https://www.freepnglogos.com/uploads/puma-logo-png-1.png", "precio":16.470,"stock":10,"descripcion":"Conocé nuestro botín de fútbol más ligero hasta el momento. La velocidad inalcanzable y el control máximo vienen en un paquete liviano en el nuevo ULTRA 4.2.Diseñado para el jugador joven, ULTRA 4.2 presenta una parte superior de PU estampada en relieve para mayor toque y soporte.","categoria":"firme","img":"https://www.dexter.com.ar/on/demandware.static/-/Sites-365-dabra-catalog/default/dwfba1697e/products/PU_106642-03/PU_106642-03-1.JPG"},

{"index":11, "nombre":"Botines adidas Predator Edge .4 IC", "marca":"https://img.freepik.com/iconos-gratis/adidas_318-565831.jpg", "precio":24.199,"stock":10,"descripcion":"Da un giro a lo ordinario para encontrar tus límites. Introducí una nueva faceta de tu juego con estos botines de cancha cubierta adidas Predator. Su suave exterior sintético incluye un acabado texturizado para ayudarte a controlar el balón y un panel de malla para mantenerte fresco durante los partidos intensos. Su suela de caucho con agarre se adhiere al suelo para ayudarte a dominar en superficies planas interiores.","categoria":"futsal","img":"https://sporting.vtexassets.com/arquivos/ids/671017-1200-1200?v=638055152105170000&width=1200&height=1200&aspect=true"},

{"index":12, "nombre":"Botines Puma Future Z 3.3 IN", "marca":"https://www.freepnglogos.com/uploads/puma-logo-png-1.png", "precio":34.149,"stock":10,"descripcion":"Estas botines progresivas de interior, más adaptables y cómodas que nunca, se han diseñado para jugadores que deciden el partido con su visión y sus habilidades. La tecnología FUZIONFIT+ de segunda generación ofrece una sujeción y flexibilidad inigualables con un ajuste óptimo con o sin cordones, mientras que las zonas con textura estratégicamente situadas proporcionan un tacto y control del pelota excepcionales. Gracias una suela Dynamic Motion System, que transmite tu energía hacia el terreno de juego para que disfrutes de una tracción superior durante los movimientos explosivos multidireccionales, el partido es tuyo.","categoria":"futsal","img":"https://sporting.vtexassets.com/arquivos/ids/640195-1200-1200?v=637995447896130000&width=1200&height=1200&aspect=true"},

{"index":13, "nombre":"Botines Umbro Fútbol Sala Velocita 6", "marca":"https://1000marcas.net/wp-content/uploads/2020/03/Umbro-Logo-2008-1.jpg", "precio":19.099,"stock":10,"descripcion":"Los Botines Umbro Sala Velocita 6 Club están confeccionados con capellada en sintético, entresuela de EVA, te da mejor agarre sobre el terreno de juego. Lleva tu juego a un nuevo nivel, ahora tenés con qué hacerlo posible. Perfectos para futsal.","categoria":"futsal","img":"https://sporting.vtexassets.com/arquivos/ids/689362-1200-1200?v=638083727435600000&width=1200&height=1200&aspect=true"},

{"index":14, "nombre":"Botines Kappa Iconic Ic De Hombre", "marca":"https://cdn.shopify.com/s/files/1/0249/5892/6941/products/Kappa-sticker-thermocollant_1024x1024@2x.jpg?v=1581176378", "precio":13.199,"stock":10,"descripcion":"Diseño clasico logo en lateral de la capellada, plantilla en eva, comodidad y durabilidad en cancha","categoria":"futsal","img":"https://sporting.vtexassets.com/arquivos/ids/667976-1200-1200?v=638041374107600000&width=1200&height=1200&aspect=true"},

{"index":15, "nombre":"Botines Kappa 4 Soccer Fuerza Base IC", "marca":"https://cdn.shopify.com/s/files/1/0249/5892/6941/products/Kappa-sticker-thermocollant_1024x1024@2x.jpg?v=1581176378", "precio":8.099,"stock":10,"descripcion":"Diseño clasico logo en lateral de la capellada, plantilla en eva, comodidad y durabilidad en cancha","categoria":"futsal","img":"https://sporting.vtexassets.com/arquivos/ids/711068-1200-1200?v=638104412257900000&width=1200&height=1200&aspect=true"},

{"index":16, "nombre":"Botines Umbro Pro 5 Bump Club IC", "marca":"https://1000marcas.net/wp-content/uploads/2020/03/Umbro-Logo-2008-1.jpg", "precio":20.349,"stock":10,"descripcion":"Calzado profesional de futsal con capellada confecccionada en materiale sintéticos de alta calidad,puntera reforzada con gamuza, entresuela de EVA a lo largo de todo el calzado, suela Moderna transparente de caucho.","categoria":"futsal","img":"https://sporting.vtexassets.com/arquivos/ids/551068-1200-1200?v=637921846328570000&width=1200&height=1200&aspect=true"},

{"index":17, "nombre":"Botines adidas Predator Edge .4 Ic", "marca":"https://img.freepik.com/iconos-gratis/adidas_318-565831.jpg", "precio":24.199,"stock":10,"descripcion":"Algunos entran a la cancha y ven limitaciones. Vos ves posibilidades. Porque hiciste lo imposible toda tu vida. Cambiá el juego con adidas Predator. Estos botines de fútsal presentan un exterior de cuero sintético texturizado diseñado para dominar el juego. Su suela de caucho te permite demostrarle a todos tus habilidades en cancha cubierta. Además, incorporan un panel lateral de malla que favorece la ventilación en los momentos más intensos del partido.","categoria":"futsal","img":"https://sporting.vtexassets.com/arquivos/ids/512387-1200-1200?v=637861505302670000&width=1200&height=1200&aspect=true"},

{"index":18, "nombre":"Botines adidas X Speedflow.4 IC", "marca":"https://img.freepik.com/iconos-gratis/adidas_318-565831.jpg", "precio":19.349,"stock":10,"descripcion":"En la cancha, la velocidad es una virtud. Marca la diferencia entre ganar y perder. Pensá rápido. Movete más rápido. Encontrá tu ritmo y dejá atrás a los demás. Enfrentate a todo con tranquilidad y confianza con estos botines adidas X. El exterior textil revestido suave te ofrece comodidad mientras entrás en acción y la suela de caucho de máximo agarre te ayuda a mostrar tus habilidades en xcanchas cubiertas.","categoria":"futsal","img":"https://sporting.vtexassets.com/arquivos/ids/482140-1200-1200?v=637825073061870000&width=1200&height=1200&aspect=true"},

{"index":19, "nombre":"Botines adidas Copa Sense.4 IC", "marca":"https://img.freepik.com/iconos-gratis/adidas_318-565831.jpg", "precio":19.349,"stock":10,"descripcion":"Puede ser invisible incluso bajo la iluminación de las canchas. Con un solo toque, configura el juego. Ponte tu adidas Copa Sense y concéntrate en tus instintos futbolísticos. Esta bota cuenta con una parte superior sintética suave para un juego más cómodo. Debajo, la suela de goma se adhiere a superficies planas y te separa de los demás en las canchas cubiertas.","categoria":"futsal","img":"https://sporting.vtexassets.com/arquivos/ids/439834-1200-1200?v=637753419103200000&width=1200&height=1200&aspect=true"},

{"index":20, "nombre":"Botines Puma Future Z 4.2 IT", "marca":"https://www.freepnglogos.com/uploads/puma-logo-png-1.png", "precio":16.699,"stock":10,"descripcion":"Mejora tu juego con Future Z 4.2, diseñado específicamente con una suela de goma de perfil bajo que no deja marcas para todas tus necesidades de entrenamiento en interiores. La construcción liviana, la parte superior texturizada para un agarre de la pelota y el ajuste cómodo y seguro proporcionado por la banda de compresión lo mantienen ágil en sus pies, por lo que nada se interpondrá entre usted y el rendimiento máximo.","categoria":"futsal","img":"https://sporting.vtexassets.com/arquivos/ids/373234-1200-1200?v=637685201887370000&width=1200&height=1200&aspect=true"},

{"index":21, "nombre":"Botines adidas X Speedportal .3 TF", "marca":"https://img.freepik.com/iconos-gratis/adidas_318-565831.jpg", "precio":31.999,"stock":10,"descripcion":"Tiempo y espacio. Todo es relativo cuando jugás en una dimensión diferente. Abrí el portal a la velocidad multidimensional con adidas X Speedportal. La suela de caucho de estos botines te ayuda a acelerar el ritmo sobre pasto sintético, mientras que la mediasuela de EVA amortigua cada paso. El exterior textil revestido suave incluye un cuello de sujeción de tejido plano y un refuerzo de talón externo en TPU para mantenerte firme en cada movimiento.","categoria":"sintetico","img":"https://sporting.vtexassets.com/arquivos/ids/606126-1200-1200?v=637963492602470000&width=1200&height=1200&aspect=true"},

{"index":22, "nombre":"Botines Adidas Copa Sense.4 TF", "marca":"https://img.freepik.com/iconos-gratis/adidas_318-565831.jpg", "precio":22.999,"stock":10,"descripcion":"Amá a tus compañeros. Respetá a tus rivales. Sobre todo, hacé que la pelota sea tu amiga. Sentí el juego con estos botines para pasto sintético adidas Copa Sense. Su exterior cómodo y envolvente incluye un antepié de cuero suave para asegurar que la pelota se mantenga bajo tu control. La mediasuela de EVA suave sobre una suela de caucho amortigua cada paso en canchas de pasto sintético. Los estampados llamativos se inspiran en el escenario más importante del fútbol.","categoria":"sintetico","img":"https://sporting.vtexassets.com/arquivos/ids/578407-1200-1200?v=637941738025030000&width=1200&height=1200&aspect=true"},

{"index":23, "nombre":"Botines Umbro Velocita 6 Club", "marca":"https://1000marcas.net/wp-content/uploads/2020/03/Umbro-Logo-2008-1.jpg", "precio":16.500,"stock":10,"descripcion":"Nuevo modelo confeccionado en materiales sinteticos y alta frecuencia de diseño moderno. Suela de caucho sintético.","categoria":"sintetico","img":"https://www.opensports.com.ar/media/catalog/product/cache/4769e4d9f3516e60f2b4303f8e5014a8/U/0/U01FB002021-618_0.jpg"},

{"index":24, "nombre":"Botines Adidas Goletto VIII", "marca":"https://img.freepik.com/iconos-gratis/adidas_318-565831.jpg", "precio":20.999,"stock":10,"descripcion":"Puede ser invisible incluso bajo la iluminación de las canchas. Con un solo toque, configura el juego. Ponte tu adidas Copa Sense y concéntrate en tus instintos futbolísticos. Esta bota cuenta con una parte superior sintética suave para un juego más cómodo. Debajo, la suela de goma se adhiere a superficies planas y te separa de los demás en las canchas cubiertas.","categoria":"sintetico","img":"https://www.opensports.com.ar/media/catalog/product/cache/4769e4d9f3516e60f2b4303f8e5014a8/H/P/HP3060_0.jpg"},

{"index":25, "nombre":"Botines Adidas Predator Edge.3 Laceless TF", "marca":"https://img.freepik.com/iconos-gratis/adidas_318-565831.jpg", "precio":31.999,"stock":10,"descripcion":"Da un giro a lo ordinario para encontrar tus límites. Introducí una nueva faceta de tu juego con estos botines de cancha cubierta adidas Predator. Su suave exterior sintético incluye un acabado texturizado para ayudarte a controlar el balón y un panel de malla para mantenerte fresco durante los partidos intensos. Su suela de caucho con agarre se adhiere al suelo para ayudarte a dominar en superficies planas interiores.","categoria":"sintetico","img":"https://www.opensports.com.ar/media/catalog/product/cache/4769e4d9f3516e60f2b4303f8e5014a8/G/V/GV8532_0.jpg"},

{"index":26, "nombre":"Botines Puma Ultra Match TT", "marca":"https://www.freepnglogos.com/uploads/puma-logo-png-1.png", "precio":24.699,"stock":10,"descripcion":"Mejora tu juego con Future Z 4.2, diseñado específicamente con una suela de goma de perfil bajo que no deja marcas para todas tus necesidades de entrenamiento en interiores. La construcción liviana, la parte superior texturizada para un agarre de la pelota y el ajuste cómodo y seguro proporcionado por la banda de compresión lo mantienen ágil en sus pies, por lo que nada se interpondrá entre usted y el rendimiento máximo.","categoria":"sintetico","img":"https://sporting.vtexassets.com/arquivos/ids/700534-1200-1200?v=638097234222500000&width=1200&height=1200&aspect=true"},

{"index":27, "nombre":"Botines Nike Superfly 6", "marca":"https://upload.wikimedia.org/wikipedia/commons/thumb/a/a6/Logo_NIKE.svg/1200px-Logo_NIKE.svg.png", "precio":19.999,"stock":10,"descripcion":"La suela de los Botines Nike Superfly X 6 Academy TF proporcionan tracción de propulsión en superficies de césped artificial.","categoria":"sintetico","img":"https://www.dexter.com.ar/on/demandware.static/-/Sites-365-dabra-catalog/default/dw72bbadc3/products/NI_AH7370-701/NI_AH7370-701-1.JPG"},

{"index":28, "nombre":"Botines Nike Legend 9 Club", "marca":"https://upload.wikimedia.org/wikipedia/commons/thumb/a/a6/Logo_NIKE.svg/1200px-Logo_NIKE.svg.png", "precio":23.999,"stock":10,"descripcion":"Demostra tu pasión por el deporte y lucite en la cancha con los Botines Nike Legend 9 Club Tf. Las texturas de la capellada son suaves y mejoran el tacto con la pelota para maximizar tus jugadas, además de aportar durabilidad. La suela ayuda a la tracción para que mejores tus tiempos dentro de la cancha. Son ideales para lucirte en cancha de césped sintético.","categoria":"sintetico","img":"https://sporting.vtexassets.com/arquivos/ids/667685-1200-1200?v=638040482088870000&width=1200&height=1200&aspect=true"},

{"index":29, "nombre":"Botines Nike Mercurial Superfly 8", "marca":"https://upload.wikimedia.org/wikipedia/commons/thumb/a/a6/Logo_NIKE.svg/1200px-Logo_NIKE.svg.png", "precio":38.599,"stock":10,"descripcion":"Las Nike Mercurial Superfly 8 Academy te permiten tener el partido bajo control. La textura adherente de la parte superior proporciona un mejor toque y control, al tiempo que la suela exterior de goma está diseñada para ofrecer tracción multidireccional.","categoria":"sintetico","img":"https://sporting.vtexassets.com/arquivos/ids/585831-1200-1200?v=637946340491600000&width=1200&height=1200&aspect=true"},

{"index":30, "nombre":"Botines Nike Mercurial Superfly 8", "marca":"https://upload.wikimedia.org/wikipedia/commons/thumb/a/a6/Logo_NIKE.svg/1200px-Logo_NIKE.svg.png", "precio":37.199,"stock":10,"descripcion":"Los Botines Nike Mercurial Superfly 8 Academy KM TF envuelven el pie de los más pequeños para ofrecer un ajuste similar a una segunda piel, mientras que la suela de goma ayuda a una tracción supercargada en el césped. El material sintético suave tiene una textura desde el talón hasta la punta para darle el toque que necesita su creatividad a máxima velocidad. El diseño busca resaltar a uno de los grandes del Paris Saint-Germain, Kylian Mbappé. Permiten una mayor precisión y control del balón como también comodidad en sus pies desde el primer hasta el último minuto de juego.","categoria":"sintetico","img":"https://sporting.vtexassets.com/arquivos/ids/635705-1200-1200?v=637992815070800000&width=1200&height=1200&aspect=true"}
]